titulo,data,resumo,link
Conheça os principais recursos de acessibilidade disponíveis no celular,21/09/2026,Ferramentas podem facilitar o uso do aparelho por pessoas com diferentes necessidades de acessibilidade,https://www.gov.br/mcom/pt-br/noticias/noticias_alt/2026/setembro/conheca-os-principais-recursos-de-acessibilidade-disponiveis-no-celular
Emergência: você sabe para quem ligar quando precisa de ajuda?,11/09/2026,Confira os principais números de emergência e saiba em quais situações cada serviço deve ser acionado,https://www.gov.br/mcom/pt-br/noticias/noticias_alt/2026/setembro/emergencia-voce-sabe-para-quem-ligar-quando-precisa-de-ajuda
Dia Mundial de Prevenção do Suicídio: conectividade e serviços digitais fortalecem o cuidado com a saúde mental,10/09/2026,Acesso à informação por meio da internet pode contribuir para o cuidado emocional quando utilizado de maneira consciente e segura,https://www.gov.br/mcom/pt-br/noticias/noticias_alt/2026/setembro/dia-mundial-de-prevencao-do-suicidio-conectividade-e-servicos-digitais-fortalecem-o-cuidado-com-a-saude-mental
"Chuva, vento e tempestades: como as mudanças climáticas podem afetar as telecomunicações e a radiodifusão",09/09/2026,"Eventos extremos podem danificar infraestrutura e interromper temporariamente serviços de internet, telefonia, rádio e televisão; prevenção e tecnologia ajudam a reduzir impactos",https://www.gov.br/mcom/pt-br/noticias/noticias_alt/2026/setembro/chuva-vento-e-tempestades-como-as-mudancas-climaticas-podem-afetar-as-telecomunicacoes-e-a-radiodifusao
Entenda como funciona a instalação de fibra óptica em rios amazônicos,09/09/2026,Cabos instalados em trechos subfluviais podem integrar diferentes pontos de uma rede de telecomunicações na região Norte,https://www.gov.br/mcom/pt-br/noticias/noticias_alt/2026/setembro/entenda-como-funciona-a-instalacao-de-fibra-optica-em-rios-amazonicos
Internet abre um mundo de possibilidades e de perigos para crianças e adolescentes,08/09/2026,"Estabelecer limites para o uso da internet é importante, mas a educação digital vai além do controle de tempo de tela",https://www.gov.br/mcom/pt-br/noticias/noticias_alt/2026/setembro/internet-abre-um-mundo-de-possibilidades-e-de-perigos-para-criancas-e-adolescentes
Wi-Fi público: cuidados essenciais para navegar com segurança,04/09/2026,"Confira algumas medidas simples para proteger dados pessoais ao se conectar à internet em aeroportos, hotéis, restaurantes e outros espaços públicos",https://www.gov.br/mcom/pt-br/noticias/noticias_alt/2026/setembro/wi-fi-publico-cuidados-essenciais-para-navegar-com-seguranca
Homologação e certificação de produtos de telecomunicações passam a ser realizadas no sistema Certifica,04/09/2026,"Em 8 de setembro, o SCH deixa de receber novos requerimentos e entra em operação a nova plataforma da Anatel",https://www.gov.br/mcom/pt-br/noticias/noticias_alt/2026/setembro/homologacao-e-certificacao-de-produtos-de-telecomunicacoes-passam-a-ser-realizadas-no-sistema-certifica
"Conheça o Anatel Consumidor: plataforma para registrar reclamações, denúncias e sugestões sobre serviços de telecomunicações",03/09/2026,"Após o registro da reclamação, a demanda é encaminhada à operadora. O reclamante pode acompanhar o andamento pela plataforma",https://www.gov.br/mcom/pt-br/noticias/noticias_alt/2026/setembro/conheca-o-anatel-consumidor-plataforma-para-registrar-reclamacoes-denuncias-e-sugestoes-sobre-servicos-de-telecomunicacoes
Sistema Eletrônico de Informações (SEI) do Ministério das Comunicações ficará indisponível nesta sexta-feira (4) e sábado (5),03/09/2026,Será feita atualização do sistema de acordo com versões disponibilizadas pelo Ministério da Gestão e da Inovação em Serviços Públicos (MGI),https://www.gov.br/mcom/pt-br/noticias/noticias_alt/2026/setembro/sistema-eletronico-de-informacoes-sei-do-ministerio-das-comunicacoes-ficara-indisponivel-nesta-sexta-feira-4-e-sabado-5
Edital prevê contratação de internet para Unidades Básicas de Saúde,03/09/2026,Chamada pública prevê conexão por fibra óptica ou satélite e instalação de Wi-Fi em unidades de saúde,https://www.gov.br/mcom/pt-br/noticias/noticias_alt/2026/setembro/edital-preve-contratacao-de-internet-para-unidades-basicas-de-saude
Dez termos de telecomunicações que você precisa conhecer para entender melhor sua internet,01/09/2026,"De cobertura a latência, entenda, de forma simples, o que significam os principais termos usados no dia a dia da conectividade",https://www.gov.br/mcom/pt-br/noticias/noticias_alt/2026/setembro/dez-termos-de-telecomunicacoes-que-voce-precisa-conhecer-para-entender-melhor-sua-internet
Entenda por que aplicativos com dados pessoais pedem biometria e quais cuidados tomar,31/08/2026,"O reconhecimento facial e digital reforça a segurança e agiliza o acesso a serviços e informações, protegendo os dados dos usuários",https://www.gov.br/mcom/pt-br/noticias/noticias_alt/2026/agosto/entenda-por-que-aplicativos-com-dados-pessoais-pedem-biometria-e-quais-cuidados-tomar
TV digital funciona sem internet?,28/08/2026,"Entenda a diferença entre TV aberta, streaming e TV por assinatura",https://www.gov.br/mcom/pt-br/noticias/noticias_alt/2026/agosto/tv-digital-funciona-sem-internet
Antena interna ou externa: qual é a melhor opção para receber o sinal de TV digital?,27/08/2026,"Escolha depende da localização do imóvel, da distância das torres de transmissão e da existência de obstáculos",https://www.gov.br/mcom/pt-br/noticias/noticias_alt/2026/agosto/antena-interna-ou-externa-qual-e-a-melhor-opcao-para-receber-o-sinal-de-tv-digital
Descubra o que acontece quando o celular fica no modo avião,27/08/2026,"Ferramenta desabilita as conexões sem fio do dispositivo, como rede móvel, Wi-Fi e Bluetooth, e contribui para a segurança durante o voo",https://www.gov.br/mcom/pt-br/noticias/noticias_alt/2026/agosto/descubra-o-que-acontece-quando-o-celular-fica-no-modo-aviao
Plano Nacional de Inclusão Digital recebe contribuições da sociedade,26/08/2026,"Consulta reúne sugestões sobre conectividade, acesso da população a equipamentos e serviços de qualidade",https://www.gov.br/mcom/pt-br/noticias/noticias_alt/2026/agosto/plano-nacional-de-inclusao-digital-recebe-contribuicoes-da-sociedade
Qual a diferença entre áreas rurais e áreas remotas de conectividade?,25/08/2026,Entenda o que são os conceitos e quais tecnologias podem levar internet a essas localidades,https://www.gov.br/mcom/pt-br/noticias/noticias_alt/2026/agosto/qual-a-diferenca-entre-areas-rurais-e-areas-remotas-de-conectividade
Entenda o que é o roaming e como funciona essa tecnologia,25/08/2026,"Recurso permite ao celular utilizar a rede de outras operadoras parceiras para fazer ligações, enviar mensagens e acessar a internet",https://www.gov.br/mcom/pt-br/noticias/noticias_alt/2026/agosto/entenda-o-que-e-o-roaming-e-como-funciona-essa-tecnologia
GPS: como o sistema de localização se relaciona com as telecomunicações?,21/08/2026,Entenda como os sinais de satélite ajudam a identificar a localização de pessoas e dispositivos e qual é o papel das redes de telecomunicações nesse processo,https://www.gov.br/mcom/pt-br/noticias/noticias_alt/2026/agosto/gps-como-o-sistema-de-localizacao-se-relaciona-com-as-telecomunicacoes
Plataforma digital oferece cursos de Inteligência Artificial gratuitamente,21/08/2026,"As capacitações apresentam conceitos, aplicações práticas e cuidados para o uso responsável da tecnologia na administração pública",https://www.gov.br/mcom/pt-br/noticias/noticias_alt/2026/agosto/plataforma-digital-oferece-cursos-de-inteligencia-artificial-gratuitamente
Do AM ao FM: entenda as diferenças entre as transmissões de rádio,20/08/2026,Conheça as características das duas formas de transmissão e saiba como funciona a migração de emissoras,https://www.gov.br/mcom/pt-br/noticias/noticias_alt/2026/agosto/do-am-ao-fm-entenda-as-diferencas-entre-as-transmissoes-de-radio
Como descartar eletrônicos sem utilidade de forma correta e reduzir impactos ao meio ambiente,19/08/2026,Ministério das Comunicações lança manual didático sobre política de desfazimento e recondicionamento de equipamentos. O guia já está disponível no site oficial,https://www.gov.br/mcom/pt-br/noticias/noticias_alt/2026/agosto/como-descartar-eletronicos-sem-utilidade-de-forma-correta-e-reduzir-impactos-ao-meio-ambiente
Organização das Nações Unidas e Anatel abrem inscrições para vaga de consultor em projeto de conectividade significativa,19/08/2026,"Chamamento selecionará pesquisador com experiência em políticas públicas, inclusão digital e avaliação de programas",https://www.gov.br/mcom/pt-br/noticias/noticias_alt/2026/agosto/organizacao-das-nacoes-unidas-e-anatel-abrem-inscricoes-para-vaga-de-consultor-em-projeto-de-conectividade-significativa
Da carta ao aplicativo: como a tecnologia transformou a forma de enviar e receber mensagens no Brasil,18/08/2026,Conheça algumas das tecnologias que mudaram a forma de enviar e receber informações à distância,https://www.gov.br/mcom/pt-br/noticias/noticias_alt/2026/agosto/da-carta-ao-aplicativo-como-a-tecnologia-transformou-a-forma-de-enviar-e-receber-mensagens-no-brasil
Espaços que preservam a memória das telecomunicações no Brasil,17/08/2026,"Estações telegráficas, museus e acervos ajudam a contar a história da evolução das telecomunicações no país",https://www.gov.br/mcom/pt-br/noticias/noticias_alt/2026/agosto/espacos-que-preservam-a-memoria-das-telecomunicacoes-no-brasil
Ligação de celular: entenda como sua voz chega até o aparelho de outra pessoa,17/08/2026,"Em questão de segundos, uma sequência de tecnologias transforma uma simples ligação em uma conexão que pode atravessar cidades e países",https://www.gov.br/mcom/pt-br/noticias/noticias_alt/2026/agosto/ligacao-de-celular-entenda-como-sua-voz-chega-ate-o-aparelho-de-outra-pessoa
Como a conectividade permite o acesso a serviços e informações digitais,13/08/2026,"Entenda como o acesso à internet possibilita consultar informações, utilizar serviços digitais e realizar diferentes atividades a distância",https://www.gov.br/mcom/pt-br/noticias/noticias_alt/2026/agosto/como-a-conectividade-permite-o-acesso-a-servicos-e-informacoes-digitais
Saiba a importância da Discagem Direta à Distância (DDD),12/08/2026,"Oficialmente inaugurado em 1969, o sistema foi estruturado pelo Ministério das Comunicações em parceria com a iniciativa privada",https://www.gov.br/mcom/pt-br/noticias/noticias_alt/2026/agosto/saiba-a-importancia-da-discagem-direta-a-distancia-ddd
Inscrições para o Prêmio Mérito Rondon 2026 são prorrogadas até 24 de agosto,12/08/2026,Prazo para participação foi ampliado; resultado do concurso será divulgado em 21 de outubro,https://www.gov.br/mcom/pt-br/noticias/noticias_alt/2026/agosto/inscricoes-para-o-premio-merito-rondon-2026-sao-prorrogadas-ate-24-de-agosto
